{
  "regularization": {
    "reg_none": {
      "accuracy": [
        0.7954902052879333,
        0.8484117388725281,
        0.8636078238487244,
        0.8718039393424988,
        0.8791961073875427,
        0.8851764798164368,
        0.8889607787132263,
        0.8939411640167236
      ],
      "loss": [
        0.5860873460769653,
        0.4200470745563507,
        0.37603363394737244,
        0.35162413120269775,
        0.32926684617996216,
        0.3157331347465515,
        0.2999465763568878,
        0.29107362031936646
      ],
      "mse_one_hot": [
        0.028727833181619644,
        0.021562354639172554,
        0.01944679766893387,
        0.0182679183781147,
        0.017217891290783882,
        0.016554150730371475,
        0.015852732583880424,
        0.015292653813958168
      ],
      "val_accuracy": [
        0.8575555682182312,
        0.8557778000831604,
        0.8761110901832581,
        0.8870000243186951,
        0.8812222480773926,
        0.8769999742507935,
        0.8896666765213013,
        0.8921111226081848
      ],
      "val_loss": [
        0.38427484035491943,
        0.37783104181289673,
        0.33387213945388794,
        0.3117828965187073,
        0.32218271493911743,
        0.32376837730407715,
        0.30351465940475464,
        0.29467517137527466
      ],
      "val_mse_one_hot": [
        0.020008131861686707,
        0.01989256963133812,
        0.017406800761818886,
        0.016176512464880943,
        0.016749169677495956,
        0.016962744295597076,
        0.015807094052433968,
        0.015363172627985477
      ],
      "learning_rate": [
        0.0010000000474974513,
        0.0010000000474974513,
        0.0010000000474974513,
        0.0010000000474974513,
        0.0010000000474974513,
        0.0010000000474974513,
        0.0010000000474974513,
        0.0010000000474974513
      ]
    },
    "reg_l2": {
      "accuracy": [
        0.7963137030601501,
        0.8501960635185242,
        0.8614509701728821,
        0.8687646985054016,
        0.876568615436554,
        0.8804117441177368,
        0.8918039202690125,
        0.8978039026260376
      ],
      "loss": [
        0.6980850696563721,
        0.53105628490448,
        0.4880334734916687,
        0.4620984196662903,
        0.4404672682285309,
        0.4281214475631714,
        0.3914988934993744,
        0.3703750669956207
      ],
      "mse_one_hot": [
        0.028648531064391136,
        0.02153594046831131,
        0.019741320982575417,
        0.0186795461922884,
        0.01773509755730629,
        0.017214380204677582,
        0.015486074611544609,
        0.01468508131802082
      ],
      "val_accuracy": [
        0.8629999756813049,
        0.8628888726234436,
        0.8795555830001831,
        0.8714444637298584,
        0.8713333606719971,
        0.8668888807296753,
        0.8894444704055786,
        0.890666663646698
      ],
      "val_loss": [
        0.48197975754737854,
        0.4728894829750061,
        0.4312053322792053,
        0.4408940076828003,
        0.43151095509529114,
        0.45250204205513,
        0.394758015871048,
        0.3857578933238983
      ],
      "val_mse_one_hot": [
        0.019175656139850616,
        0.019052568823099136,
        0.017036182805895805,
        0.017845161259174347,
        0.017584269866347313,
        0.018862729892134666,
        0.015737440437078476,
        0.015521976165473461
      ],
      "learning_rate": [
        0.0010000000474974513,
        0.0010000000474974513,
        0.0010000000474974513,
        0.0010000000474974513,
        0.0010000000474974513,
        0.0010000000474974513,
        0.0005000000237487257,
        0.0005000000237487257
      ]
    },
    "reg_l1": {
      "accuracy": [
        0.7948627471923828,
        0.8345686197280884,
        0.8381764888763428,
        0.8393921852111816,
        0.8418039083480835,
        0.845960795879364,
        0.8464705944061279,
        0.8502156734466553
      ],
      "loss": [
        2.1795079708099365,
        1.3230712413787842,
        1.0276397466659546,
        0.9197216033935547,
        0.8625547885894775,
        0.8294482827186584,
        0.8056405186653137,
        0.7837474942207336
      ],
      "mse_one_hot": [
        0.028836451470851898,
        0.023541558533906937,
        0.022953351959586143,
        0.0227751974016428,
        0.022293662652373314,
        0.021984882652759552,
        0.021676281467080116,
        0.02118651568889618
      ],
      "val_accuracy": [
        0.847777783870697,
        0.8450000286102295,
        0.8353333473205566,
        0.8558889031410217,
        0.8413333296775818,
        0.8296666741371155,
        0.8226666450500488,
        0.8215555548667908
      ],
      "val_loss": [
        1.5360527038574219,
        1.1010527610778809,
        0.9443209767341614,
        0.8577648997306824,
        0.8576973080635071,
        0.8310098648071289,
        0.8316738605499268,
        0.8242438435554504
      ],
      "val_mse_one_hot": [
        0.02126166597008705,
        0.022008156403899193,
        0.02275620959699154,
        0.020923981443047523,
        0.022392937913537025,
        0.023243987932801247,
        0.02428586781024933,
        0.024550940841436386
      ],
      "learning_rate": [
        0.0010000000474974513,
        0.0010000000474974513,
        0.0010000000474974513,
        0.0010000000474974513,
        0.0010000000474974513,
        0.0010000000474974513,
        0.0010000000474974513,
        0.0010000000474974513
      ]
    },
    "reg_l1_l2": {
      "accuracy": [
        0.791745126247406,
        0.8328823447227478,
        0.8384313583374023,
        0.8384509682655334,
        0.8402352929115295,
        0.8436470627784729,
        0.8466078639030457,
        0.8473333120346069
      ],
      "loss": [
        2.215177059173584,
        1.2954517602920532,
        1.0102003812789917,
        0.9061148166656494,
        0.8572197556495667,
        0.8303554654121399,
        0.8076282143592834,
        0.7866227030754089
      ],
      "mse_one_hot": [
        0.028979603201150894,
        0.023601720109581947,
        0.023080527782440186,
        0.022911326959729195,
        0.02263452298939228,
        0.022327380254864693,
        0.021759111434221268,
        0.02161289006471634
      ],
      "val_accuracy": [
        0.8211110830307007,
        0.8251110911369324,
        0.8256666660308838,
        0.836555540561676,
        0.8608888983726501,
        0.8454444408416748,
        0.8371111154556274,
        0.8133333325386047
      ],
      "val_loss": [
        1.5790537595748901,
        1.1058247089385986,
        0.947676956653595,
        0.8585115075111389,
        0.7947072982788086,
        0.8008067011833191,
        0.8244895935058594,
        0.8371277451515198
      ],
      "val_mse_one_hot": [
        0.02467449940741062,
        0.02398926392197609,
        0.0240036528557539,
        0.022201482206583023,
        0.01972881890833378,
        0.021498577669262886,
        0.023413104936480522,
        0.025371728464961052
      ],
      "learning_rate": [
        0.0010000000474974513,
        0.0010000000474974513,
        0.0010000000474974513,
        0.0010000000474974513,
        0.0010000000474974513,
        0.0010000000474974513,
        0.0010000000474974513,
        0.0010000000474974513
      ]
    }
  },
  "regularization_summary": [
    {
      "model": "reg_none",
      "final_train_loss": 0.29107362031936646,
      "final_val_loss": 0.29467517137527466,
      "final_train_mse": 0.015292653813958168,
      "final_val_mse": 0.015363172627985477,
      "final_val_accuracy": 0.8921111226081848,
      "best_val_accuracy": 0.8921111226081848,
      "epochs_run": 8
    },
    {
      "model": "reg_l2",
      "final_train_loss": 0.3703750669956207,
      "final_val_loss": 0.3857578933238983,
      "final_train_mse": 0.01468508131802082,