{
  "optimizers": {
    "sgd_relu": {
      "accuracy": [
        0.7643529176712036,
        0.8333137035369873,
        0.8479607701301575,
        0.8573333621025085,
        0.8646666407585144
      ],
      "loss": [
        0.674041211605072,
        0.4666401743888855,
        0.42166510224342346,
        0.39614054560661316,
        0.373310923576355
      ],
      "val_accuracy": [
        0.8479999899864197,
        0.863111138343811,
        0.8736666440963745,
        0.8803333044052124,
        0.8816666603088379
      ],
      "val_loss": [
        0.4132686257362366,
        0.3648078143596649,
        0.33979204297065735,
        0.32235750555992126,
        0.3206028938293457
      ],
      "learning_rate": [
        0.009999999776482582,
        0.009999999776482582,
        0.009999999776482582,
        0.009999999776482582,
        0.009999999776482582
      ]
    },
    "adam_relu": {
      "accuracy": [
        0.7955490350723267,
        0.849490225315094,
        0.8631568551063538,
        0.8726274371147156,
        0.8800196051597595
      ],
      "loss": [
        0.584765613079071,
        0.41858598589897156,
        0.37531208992004395,
        0.3495617210865021,
        0.32641100883483887
      ],
      "val_accuracy": [
        0.8569999933242798,
        0.8687777519226074,
        0.8801110982894897,
        0.8766666650772095,
        0.8854444622993469
      ],
      "val_loss": [
        0.37990501523017883,
        0.35435202717781067,
        0.32984283566474915,
        0.3253101706504822,
        0.30591508746147156
      ],
      "learning_rate": [
        0.0010000000474974513,
        0.0010000000474974513,
        0.0010000000474974513,
        0.0010000000474974513,
        0.0010000000474974513
      ]
    },
    "rmsprop_relu": {
      "accuracy": [
        0.8020588159561157,
        0.8511765003204346,
        0.8642941117286682,
        0.8745490312576294,
        0.8815097808837891
      ],
      "loss": [
        0.5651846528053284,
        0.4152502417564392,
        0.37382274866104126,
        0.3445470333099365,
        0.3274606764316559
      ],
      "val_accuracy": [
        0.8561111092567444,
        0.8722222447395325,
        0.878777801990509,
        0.8759999871253967,
        0.886555552482605
      ],
      "val_loss": [
        0.4017256200313568,
        0.34572771191596985,
        0.3297789692878723,
        0.3495881259441376,
        0.318734735250473
      ],
      "learning_rate": [
        0.0010000000474974513,
        0.0010000000474974513,
        0.0010000000474974513,
        0.0010000000474974513,
        0.0010000000474974513
      ]
    }
  },
  "activations": {
    "adam_relu": {
      "accuracy": [
        0.7951176762580872,
        0.8503333330154419,
        0.8655098080635071,
        0.8719607591629028,
        0.8789215683937073
      ],
      "loss": [
        0.5805379748344421,
        0.4162205457687378,
        0.37224069237709045,
        0.34882020950317383,
        0.3285183310508728
      ],
      "val_accuracy": [
        0.8428888916969299,
        0.8694444298744202,
        0.8745555281639099,
        0.8688889145851135,
        0.8782222270965576
      ],
      "val_loss": [
        0.4078837037086487,
        0.35352930426597595,
        0.3328191041946411,
        0.3402068018913269,
        0.3293095827102661
      ],
      "learning_rate": [
        0.0010000000474974513,
        0.0010000000474974513,
        0.0010000000474974513,
        0.0010000000474974513,
        0.0010000000474974513
      ]
    },
    "adam_tanh": {
      "accuracy": [
        0.8024705648422241,
        0.8428038954734802,
        0.8538039326667786,
        0.8608823418617249,
        0.8670980334281921
      ],
      "loss": [
        0.565066933631897,
        0.4416238069534302,
        0.40504932403564453,
        0.38400647044181824,
        0.3664264678955078
      ],
      "val_accuracy": [
        0.8332222104072571,
        0.8408889174461365,
        0.8519999980926514,
        0.8638888597488403,
        0.8662222027778625
      ],
      "val_loss": [
        0.4420458674430847,
        0.4278125762939453,
        0.39137473702430725,
        0.37927010655403137,
        0.36473485827445984
      ],
      "learning_rate": [
        0.0010000000474974513,
        0.0010000000474974513,
        0.0010000000474974513,
        0.0010000000474974513,
        0.0010000000474974513
      ]
    },
    "adam_sigmoid": {
      "accuracy": [
        0.7284901738166809,
        0.8067255020141602,
        0.822882354259491,
        0.8316078186035156,
        0.8379607796669006
      ],
      "loss": [
        0.8805292844772339,
        0.5749037861824036,
        0.5177966356277466,
        0.48287802934646606,
        0.4601272940635681
      ],
      "val_accuracy": [
        0.8199999928474426,
        0.8437777757644653,
        0.8423333168029785,
        0.8503333330154419,
        0.8535555601119995
      ],
      "val_loss": [
        0.49831488728523254,
        0.43688130378723145,
        0.42452242970466614,
        0.4010257422924042,
        0.3922557532787323
      ],
      "learning_rate": [
        0.0010000000474974513,
        0.0010000000474974513,
        0.0010000000474974513,
        0.0010000000474974513,
        0.0010000000474974513
      ]
    }
  }
}